{
    "numEmitters": 2,
    "numParticles0": 2000,
    "texture0": "fireember.dds",
    "startSize0": [
        0.30000001192092898,
        0.30000001192092898
    ],
    "direction0": [
        0.0,
        10.0,
        0.0
    ],
    "minMaxSpeed0": [
        10.0,
        10.0
    ],
    "gravity0": [
        0.0,
        0.0,
        0.0
    ],
    "drag0": 0.10000000149011612,
    "velocitySpread0": [
        0.0,
        0.0,
        0.0
    ],
    "emitterLifetime0": 0.0,
    "particleLifetime0": 5.99999475479126,
    "spawnRadius0": 0.0,
    "burst0": false,
    "followEmitter0": false,
    "startColorMultiplierRGBMin0": [
        1.0,
        1.0,
        1.0
    ],
    "startColorMultiplierRGBMax0": [
        1.0,
        1.0,
        1.0
    ],
    "endColorMultiplierRGBMin0": [
        1.0,
        1.0,
        1.0
    ],
    "endColorMultiplierRGBMax0": [
        1.0,
        1.0,
        1.0
    ],
    "startAlpha0": 1.0,
    "endAlpha0": 0.0,
    "BLEND0": 2,
    "spawnOffset0": [
        0.0,
        -0.5,
        0.0
    ],
    "localSpace0": true,
    "startScaleMinMax0": [
        0.800000011920929,
        0.800000011920929
    ],
    "endScaleMinMax0": [
        1.0,
        1.0
    ],
    "rotationByVelocity0": false,
    "rotationPerSecMinMax0": [
        0.0,
        0.0
    ],
    "uvScrollXMinMax0": [
        0.0,
        0.0
    ],
    "uvScrollYMinMax0": [
        0.0,
        0.0
    ],
    "inheritVelocityScale0": [
        0.0,
        0.0,
        0.0
    ],
    "numParticles1": 10,
    "texture1": "firefly.dds",
    "startSize1": [
        0.30000001192092898,
        0.30000001192092898
    ],
    "direction1": [
        0.0,
        1.0,
        0.0
    ],
    "minMaxSpeed1": [
        0.5,
        2.0
    ],
    "gravity1": [
        0.0,
        0.0,
        0.0
    ],
    "drag1": 0.10000000149011612,
    "velocitySpread1": [
        1.0,
        1.0,
        1.0
    ],
    "emitterLifetime1": 0.0,
    "particleLifetime1": 5.99999475479126,
    "spawnRadius1": 0.7000000476837158,
    "burst1": false,
    "followEmitter1": false,
    "startColorMultiplierRGBMin1": [
        1.0,
        1.0,
        1.0
    ],
    "startColorMultiplierRGBMax1": [
        1.0,
        1.0,
        1.0
    ],
    "endColorMultiplierRGBMin1": [
        1.0,
        1.0,
        1.0
    ],
    "endColorMultiplierRGBMax1": [
        1.0,
        1.0,
        1.0
    ],
    "startAlpha1": 1.0,
    "endAlpha1": 0.0,
    "BLEND1": 2,
    "spawnOffset1": [
        0.0,
        -0.5,
        0.0
    ],
    "localSpace1": false,
    "startScaleMinMax1": [
        0.800000011920929,
        0.800000011920929
    ],
    "endScaleMinMax1": [
        1.0,
        1.0
    ],
    "rotationByVelocity1": false,
    "rotationPerSecMinMax1": [
        0.0,
        0.0
    ],
    "uvScrollXMinMax1": [
        0.0,
        0.0
    ],
    "uvScrollYMinMax1": [
        0.0,
        0.0
    ],
    "inheritVelocityScale1": [
        0.0,
        0.0,
        0.0
    ]
}